{
  "project_info": {
    "project_number": "1234567890",
    "firebase_url": "https://sample_app.firebaseio.com",
    "project_id": "sample-app",
    "storage_bucket": "sample-app.appspot.com"
  },
  "client": [
    {
      "client_info": {
        "mobilesdk_app_id": "1:702071056545:android:8bbbba3b4d291d76",
        "android_client_info": {
          "package_name": "com.thesample.app"
        }
      },
      "oauth_client": [
        {
          "client_id": "702071056545-9ltas18d8jrrct7bbt7ebbsu4h4r9l1a.apps.googleusercontent.com",
          "client_type": 1,
          "android_info": {
            "package_name": "com.thesample.app",
            "certificate_hash": "dde600fe50fc2821f9d78e8c9ca64f836b5cc080"
          }
        },
        {
          "client_id": "702071056545-195orm03gvqluonbe5a8vr2q4b5m2e32.apps.googleusercontent.com",
          "client_type": 3
        }
      ],
      "api_key": [
        {
          "current_key": "AIzaSyAgIOVhYYbODsgirWnsjddedwIpdwXsUOs"
        }
      ],
      "services": {
        "analytics_service": {
          "status": 1
        },
        "appinvite_service": {
          "status": 2,
          "other_platform_oauth_client": [
            {
              "client_id": "702071056545-061orm0bgdql2on2e5a8vr2qab5oep32.apps.googleusercontent.com",
              "client_type": 3
            }
          ]
        },
        "ads_service": {
          "status": 2
        }
      }
    }
  ],
  "configuration_version": "1"
}